time_s,gyro_x_rad_s,gyro_y_rad_s,gyro_z_rad_s
0.000000000,0.674064219,1.154175997,-0.769336224
0.009998000,0.650491238,1.411118031,-0.913965821
0.019995000,0.636098802,1.520345449,-0.968479693
0.029993000,0.606316686,1.514283895,-0.877798259
0.039991000,0.615438640,1.345528245,-0.612403333
0.049988000,0.744259417,1.086136580,-0.237176418
0.059986000,0.994496226,0.805386245,0.072096445
0.069984000,1.228101730,0.564222336,0.283134371
0.079982000,1.434643984,0.411962837,0.486025423
0.089979000,1.621735096,0.375810146,0.652412295
0.099977000,1.788754940,0.380911559,0.728258133
0.109975000,1.879737258,0.273708671,0.723354757
0.119972000,1.833716273,0.151553094,0.717179537
0.129970000,1.672461033,0.084626265,0.715003490
0.139968000,1.469517589,0.027793538,0.676657081
0.149966000,1.300725937,-0.064262085,0.594955564
0.159963000,1.159994364,-0.244251668,0.524052024
0.169961000,1.004036427,-0.643484592,0.522915363
0.179959000,0.821061671,-1.203464389,0.655619383
0.189956000,0.613951087,-1.707579255,0.883701325
0.199954000,0.457418114,-1.873235106,1.104518533
0.209952000,0.382899135,-1.888778090,1.196754932
0.219950000,0.347770542,-1.823014975,1.101873517
0.229947000,0.306304604,-1.506923556,0.879434586
0.239945000,0.242016047,-0.936078846,0.701065838
0.249943000,0.107302703,-0.407521278,0.613649964
0.259940000,-0.136069700,-0.251435280,0.561336458
0.269938000,-0.409693271,-0.352285743,0.511533737
0.279936000,-0.587269068,-0.521957874,0.420619458
0.289934000,-0.604195595,-0.587949932,0.279176027
0.299931000,-0.461609632,-0.540772855,0.140089169
0.309929000,-0.217447311,-0.448258936,0.092186891
0.319927000,0.014458486,-0.475952268,0.123611137
0.329924000,0.168366030,-0.637357175,0.190775782
0.339922000,0.226020843,-0.804013908,0.305706531
0.349920000,0.198433697,-0.875159204,0.393160224
0.359918000,0.102603428,-0.734444320,0.392161012
0.369915000,-0.036496669,-0.365695596,0.310706347
0.379913000,-0.211170524,0.117537126,0.230116040
0.389911000,-0.400458455,0.574986398,0.209805712
0.399908000,-0.611656904,0.826765835,0.265643507
0.409906000,-0.828227282,0.741319358,0.365862519
0.419904000,-0.978703260,0.480526447,0.534399748
0.429902000,-0.985854626,0.359969139,0.731968701
0.439899000,-0.870348155,0.406297654,0.849389672
0.449897000,-0.721334219,0.560654223,0.815018654
0.459895000,-0.607777059,0.764967740,0.669200301
0.469892000,-0.534874380,1.063728094,0.503627360
0.479890000,-0.520489335,1.408625245,0.399329752
0.489888000,-0.549580634,1.690242767,0.385086089
0.499886000,-0.583703101,1.961013675,0.417960614
0.509883000,-0.623657227,2.083554506,0.457065404
0.519881000,-0.652513981,1.872451067,0.467492342
0.529879000,-0.627355337,1.582010269,0.532895029
0.539876000,-0.555929124,1.212536097,0.627090395
0.549874000,-0.448488206,0.878147185,0.702970803
0.559872000,-0.324131817,0.739252269,0.692533433
0.569870000,-0.239868343,0.689394951,0.561121643
0.579867000,-0.177516922,0.774230897,0.401392907
0.589865000,-0.142610341,0.928305984,0.242176905
0.599863000,-0.129223779,1.144915938,0.118084692
0.609860000,-0.140928909,1.271281004,0.079201743
0.619858000,-0.170050338,1.241227150,0.082557388
0.629856000,-0.198759749,1.098367214,0.117098585
0.639854000,-0.227287233,0.800936520,0.106138818
0.649851000,-0.274591386,0.327651233,0.053312618
0.659849000,-0.288972050,-0.025019661,0.022834348
0.669847000,-0.265318900,-0.199578956,0.000069913
0.679844000,-0.213801965,-0.255037129,-0.063662380
0.689842000,-0.131426126,-0.234161437,-0.178119719
0.699840000,-0.067342803,-0.113782234,-0.311987430
0.709838000,-0.063864976,0.053519938,-0.389203399
0.719835000,0.082878433,-0.091540717,-0.328489542
0.729833000,0.571014822,-0.288939536,-0.028719069
0.739831000,1.012622595,-0.455738604,0.230640843
0.749828000,1.173942447,-0.161731735,0.468060851
0.759826000,0.993906200,0.071052097,0.624870896
0.769823620,0.677962899,-0.053230699,0.643948138
0.779821620,0.359704584,-0.055840589,0.667021930
0.789818620,0.096267618,0.095583819,0.649088442
0.799816620,0.249934986,0.601321578,0.199965373
0.809814620,0.827687562,0.975086927,-0.428238899
0.819811620,0.946951926,1.012872696,-0.249014422
0.829809620,0.399460137,0.905359030,0.123862751
0.839807620,0.001703879,0.845531523,0.273524851
0.849805620,-0.303475738,0.810510695,0.332836360
0.859802620,-0.627679467,0.711666048,0.432571948
0.869800620,-0.829986751,0.696913481,0.543623090
0.879798620,-1.011279106,0.819979548,0.641500711
0.889795620,-1.246358991,0.989798427,0.726155937
0.899793620,-1.466313243,1.124234915,0.742766023
0.909791620,-1.602540851,1.255164146,0.709295392
0.919789620,-1.612233639,1.469393253,0.745982051
0.929786620,-1.355293155,1.807551146,0.907906532
0.939784620,-1.125367045,1.760405183,1.014263034
0.949782620,-1.083719969,1.499901652,1.085356712
0.959779620,-1.127679348,1.256087065,1.208757281
0.969777620,-1.107972980,1.075973392,1.354220510
0.979775620,-1.019313216,0.997635722,1.370491147
0.989773620,-0.894783616,0.959943473,1.186711788
0.999770620,-0.673109770,0.922812522,0.856268048
1.009768620,-0.437354267,0.649026275,0.279000223
1.019766620,-0.060051866,0.486527830,-0.633213103
1.029763620,0.189359829,0.568487406,-1.196625710
1.039761620,0.184313595,0.514832199,-1.462095261
1.049759620,0.081291594,0.376845568,-1.499102473
1.059757620,-0.008215047,0.047596421,-1.393024087
1.069754620,-0.019270893,-0.383548051,-1.261334062
1.079752620,0.014967282,-0.920257449,-1.156908751
1.089750620,0.047550257,-1.418556452,-1.084545255
1.099747620,0.032840189,-1.773096561,-1.039274454
1.109745620,-0.015367289,-1.959581137,-1.020226002
1.119743620,-0.064861707,-2.033556223,-1.047297835
1.129741620,-0.101121180,-2.076151609,-1.139732957
1.139738620,-0.101657160,-2.098683834,-1.277343154
1.149736620,-0.065798491,-2.043428183,-1.408396244
1.159734620,-0.038683049,-1.973807693,-1.518473268
1.169731620,-0.037620183,-1.907578111,-1.570550799
1.179729620,-0.070049182,-1.884232640,-1.557870269
1.189727620,-0.155575797,-1.973680496,-1.505967855
1.199725620,-0.319157720,-2.161322594,-1.449405670
1.209722620,-0.552470088,-2.392271042,-1.392840385
1.219720620,-0.743605077,-2.615105629,-1.368716598
1.229718620,-0.893405497,-2.876482487,-1.370036483
1.239715620,-0.965246677,-3.097461462,-1.381695628
1.249713620,-1.023041964,-3.284897804,-1.369553685
1.259711620,-1.061460257,-3.393927574,-1.346065879
1.269708620,-1.092827201,-3.370996714,-1.312695861
1.279706620,-1.111865759,-3.317478180,-1.287219882
1.289704620,-1.046538949,-3.176568508,-1.276336789
1.299702620,-0.942958891,-3.059776306,-1.243484139
1.309699620,-0.739926159,-2.917180300,-1.199616551
1.319697620,-0.562080383,-2.786983728,-1.141562819
1.329695620,-0.404632211,-2.616330147,-1.030488968
1.339692620,-0.287907898,-2.532891989,-0.908179760
1.349690620,-0.299499839,-2.523599386,-0.820981503
1.359688620,-0.417647243,-2.522679806,-0.760690391
1.369686620,-0.572503686,-2.524428368,-0.731932521
1.379683620,-0.704849184,-2.509552240,-0.705191255
1.389681620,-0.759512425,-2.451470852,-0.676196098
1.399679620,-0.792094409,-2.320385695,-0.630462289
1.409676620,-0.834477246,-2.134621382,-0.588204086
1.419674620,-0.912373841,-1.961653352,-0.576746047
1.429672620,-1.062803745,-1.722797632,-0.557835221
1.439670620,-1.209839582,-1.514808774,-0.541628122
1.449667620,-1.338797331,-1.328902841,-0.519796848
1.459665620,-1.311364174,-1.118754864,-0.472849339
1.469663620,-1.153207541,-1.029404163,-0.437010646
1.479660620,-0.935289562,-0.861122012,-0.400689185
1.489658620,-0.669599295,-0.683338165,-0.355884701
1.499656620,-0.358571053,-0.548543751,-0.339500338
1.509654620,-0.098229721,-0.479282379,-0.346438408
1.519651620,0.097306184,-0.452709198,-0.343964785
1.529649620,0.262989432,-0.453780860,-0.321218997
1.539647620,0.405109406,-0.481302470,-0.274154484
1.549644620,0.511664867,-0.497207403,-0.215595827
1.559642620,0.507576525,-0.243497550,-0.142146900
1.569640620,0.477887332,0.122528374,-0.171946332
1.579638620,0.623754024,0.189365014,-0.295892924
1.589635620,0.740567744,0.275225073,-0.436958700
1.599633620,0.740933955,0.274089485,-0.572148562
1.609631620,0.660938442,0.228897527,-0.584471285
1.619628620,0.590983212,0.036003008,-0.432827622
1.629626620,0.599362850,-0.052005410,-0.209354609
1.639624620,0.580568433,-0.087613530,-0.051921196
1.649621620,0.538434267,-0.116110683,-0.031519786
1.659619620,0.485431999,-0.137406111,-0.103825740
1.669617620,0.430349320,-0.130879223,-0.175875440
1.679615620,0.355738789,-0.050492678,-0.206373289
1.689612620,0.191371933,0.061193105,-0.250925034
1.699610620,0.002203664,0.289178491,-0.345751286
1.709608620,-0.167136371,0.398917794,-0.496859312
1.719605620,-0.398532122,0.609376609,-0.606272697
1.729603620,-0.563484311,0.744516313,-0.689574242
1.739601620,-0.648503661,0.736560166,-0.725697219
1.749599620,-0.643271625,0.661799908,-0.677666843
1.759596620,-0.529174864,0.474981278,-0.563688755
1.769595120,-0.239974454,0.120243438,-0.336126417
1.779593120,0.133691683,-0.195138559,-0.060423210
1.789590120,0.519907296,-0.524156153,0.152915433
1.799588120,0.691615641,-0.553674460,0.200015023
1.809586120,0.632556081,-0.400675088,0.056751862
1.819584120,0.501706898,-0.220280617,-0.105566211
1.829581120,0.446158916,-0.096074782,-0.191897646
1.839579120,0.438906670,-0.084086575,-0.223232597
1.849577120,0.464057326,-0.145098537,-0.239167363
1.859574120,0.520970166,-0.098731287,-0.275531828
1.869572120,0.672766626,-0.135994494,-0.367694765
1.879570120,0.914719999,0.068812594,-0.344816059
1.889568120,1.412706852,0.485590637,0.065274253
1.899565120,1.664452791,0.591738880,0.568500817
1.909563120,1.666396856,0.610154927,0.970971823
1.919561120,1.597282410,0.731832087,1.122542381
1.929558120,1.464405656,0.720212460,1.036907077
1.939556120,1.311939597,0.710470617,0.704932928
1.949554120,1.127283812,0.652231515,0.325883865
1.959551120,0.890736997,0.511142969,-0.104580782
1.969549120,0.639657915,0.364352465,-0.506302893
1.979547120,0.378889859,0.165127143,-0.814989150
1.989545120,0.127076000,0.007118064,-0.943038464
1.999542120,-0.102168888,0.023369592,-0.924785197
2.009540120,-0.292051762,0.204200089,-0.801962852
2.019538120,-0.447529256,0.383268416,-0.577270806
2.029535120,-0.584249556,0.546809435,-0.276574373
2.039533120,-0.711311281,0.714043915,0.056564249
2.049531120,-0.819490194,0.901696086,0.358578950
2.059529120,-0.914929390,1.033436894,0.594722092
2.069526120,-1.008582592,1.160164237,0.788087547
2.079524120,-1.183954954,1.584734201,1.083964705
2.089522120,-1.211756706,1.539916873,1.214850545
2.099519120,-1.198215842,1.484413981,1.182599306
2.109517120,-1.139368773,1.554121494,0.962768555
2.119515120,-1.018281817,1.357069254,0.688419819
2.129512120,-0.830493391,1.176681876,0.365505636
2.139510120,-0.564177394,0.974518001,0.079223476
2.149508120,-0.300011992,0.824236631,-0.068943091
2.159506120,-0.044065401,0.702801645,-0.160362318
2.169503120,0.234424815,0.533362329,-0.198815689
2.179501120,0.388043851,0.406820774,-0.187106445
2.189499120,0.494744748,0.303099155,-0.147719622
2.199496120,0.592883050,0.191846669,-0.072123170
2.209494120,0.691808283,0.137045994,0.027907293
2.219492120,0.800408483,0.093720056,0.123387158
2.229490120,0.914663374,0.020019205,0.189952344
2.239487120,1.032289147,-0.054934993,0.205299005
2.249485120,1.139420629,-0.181181878,0.158790082
2.259483120,1.223013759,-0.303221583,0.067217872
2.269480120,1.290176868,-0.464567065,-0.053248886
2.279478120,1.349615812,-0.577791393,-0.170422792
2.289476120,1.400847554,-0.656945825,-0.235570908
2.299474120,1.427531242,-0.719117045,-0.259056628
2.309471120,1.415719390,-0.737154126,-0.249957413
2.319469120,1.348273039,-0.705686212,-0.202424407
2.329467120,1.222392321,-0.651146293,-0.114403732
2.339464120,1.029610038,-0.548556984,-0.010293456
2.349462120,0.766187489,-0.407603860,0.065627940
2.359460120,0.439511359,-0.309126139,0.106134109
2.369457120,0.155095890,-0.243135691,0.112159513
2.379455120,0.013045926,-0.187602162,0.102066420
2.389453120,0.004925947,-0.165964514,0.079691872
2.399451120,0.053607591,-0.158174723,0.039814819
2.409448120,0.087888867,-0.166515485,-0.003871941
2.419446120,0.072006181,-0.204696462,-0.037936755
2.429444120,0.032694194,-0.250352353,-0.054888576
2.439441120,0.006500167,-0.265921772,-0.043215711
2.449439120,0.008511387,-0.251561463,-0.004797481
2.459437120,0.027430143,-0.240230113,0.045908224
2.469435120,0.045672793,-0.226903394,0.087472178
2.479432120,0.040649742,-0.208873332,0.123315223
2.489430120,0.019688001,-0.202084929,0.165544957
2.499428120,-0.003186688,-0.208412066,0.212478921
2.509425120,-0.020473532,-0.214626282,0.244255215
2.519423120,-0.027656484,-0.218957037,0.246638492
2.529421120,-0.022028958,-0.253967494,0.249760792
2.539419120,-0.004112530,-0.285993218,0.260485590
2.549416120,0.018688923,-0.307169884,0.268984795
2.559414120,0.044791702,-0.353436351,0.272300571
2.569412120,0.064817607,-0.418150365,0.270458192
2.579409120,0.086984292,-0.485691458,0.264573365
2.589407120,0.109978557,-0.544679165,0.245846555
2.599405120,0.125005454,-0.572823882,0.208326086
2.609402120,0.119243175,-0.570014000,0.154499084
2.619400120,0.082052559,-0.551031113,0.114236303
2.629398120,0.034684241,-0.509909511,0.088332802
2.639396120,-0.004133835,-0.437647194,0.076913357
2.649393120,-0.020949567,-0.362171352,0.090574041
2.659391120,-0.028451335,-0.293975800,0.117125824
2.669389120,-0.034925479,-0.230752349,0.150795639
2.679386120,-0.044490151,-0.183777273,0.194850042
2.689384120,-0.068002135,-0.152459040,0.225852698
2.699382120,-0.099138930,-0.112361468,0.222400829
2.709379120,-0.123218976,-0.069499224,0.188676417
2.719377120,-0.134355053,-0.040364459,0.152241051
2.729375120,-0.119266652,-0.033362743,0.134755015
2.739373120,-0.086068042,-0.047635142,0.119593576
2.749370120,-0.044890516,-0.068730041,0.080271199
2.759368120,-0.011540074,-0.082987256,0.017794361
2.769366120,0.016350681,-0.101483174,-0.039824728
2.779362660,0.039807152,-0.108331524,-0.078596145
2.789360660,0.060116153,-0.098794214,-0.096205227
2.799358660,0.066392660,-0.079658300,-0.097491764
2.809356660,0.060469791,-0.065546475,-0.090848245
2.819353660,0.042508520,-0.056774247,-0.083522454
2.829351660,0.010708779,-0.042457093,-0.070062041
2.839349670,-0.031035362,-0.015939821,-0.054150641
2.849346660,-0.068978481,0.018975288,-0.037461411
2.859344660,-0.086499736,0.054972045,-0.019538768
2.869342660,-0.074984491,0.092413425,-0.000623665
2.879340660,-0.053295542,0.123681232,0.009274991
2.889337660,-0.030985706,0.124613598,0.001285775
2.899335660,-0.014717529,0.118609697,-0.029565642
2.909333670,0.002028694,0.095554709,-0.060578950
2.919330660,0.034542579,0.072100289,-0.076361403
2.929328660,0.072636440,0.059221245,-0.077757165
2.939326660,0.112007797,0.045950331,-0.058593042
2.949323660,0.139510006,0.021737667,-0.040562108
2.959321660,0.155871943,-0.018563181,-0.032171324
2.969319660,0.164970100,-0.041453585,-0.041942462
2.979317660,0.169398055,-0.049529150,-0.047729336
2.989314660,0.169653714,-0.044194311,-0.042716201
2.999312660,0.168111697,-0.037950423,-0.038105860
3.009310660,0.161917180,-0.020764777,-0.035485044
3.019307660,0.147643819,0.016215030,-0.030064149
3.029305660,0.128473058,0.073179252,-0.018576073
3.039303660,0.103179865,0.131198928,-0.007556020
3.049301660,0.083564617,0.177627414,0.000055294
3.059298660,0.073137738,0.231753394,0.002695423
3.069296660,0.069750734,0.290596724,0.004176673
3.079294660,0.067200854,0.353720158,0.006411644
3.089291660,0.059452124,0.425931752,-0.000689408
3.099289660,0.051493857,0.520709693,-0.008685669
3.109287660,0.045193616,0.663580835,-0.006803080
3.119284670,0.034728736,0.834285498,0.010499459
3.129282660,0.016608588,1.011942029,0.035835706
3.139280660,0.001827201,1.146183372,0.054769553
3.149278660,-0.016966993,1.290047288,0.052250471
3.159275660,-0.030065162,1.499652386,0.022729741
3.169273660,-0.035833836,1.806368470,-0.043016780
3.179271660,-0.019275147,2.226137877,-0.139448971
3.189268670,-0.001449013,2.691278219,-0.207854122
3.199266660,-0.035880819,3.185516119,-0.233973712
3.209264660,-0.130031824,3.671766043,-0.213733152
3.219261660,-0.263557762,4.123577118,-0.160675615
3.229259660,-0.383641571,4.438632965,-0.086813629
3.239257660,-0.483826250,4.643884659,0.005398137
3.249255660,-0.562809765,4.772250652,0.075361781
3.259252670,-0.598082960,4.789242744,0.122563459
3.269250660,-0.595012367,4.686120033,0.116708502
3.279248660,-0.565141559,4.609578133,0.015629919
3.289245660,-0.486450762,4.585657597,-0.120558277
3.299243660,-0.376631021,4.616429806,-0.194645062
3.309241660,-0.327799559,4.726060390,-0.159888685
3.319239660,-0.375129521,4.990209103,-0.008258204
3.329236660,-0.498826981,5.240628242,0.222498849
3.339234660,-0.639283538,5.436151505,0.464402348
3.349232660,-0.717762113,5.632973194,0.682476878
3.359229660,-0.722881734,5.723174095,0.823691964
3.369227660,-0.641563654,5.758870602,0.987213016
3.379225660,-0.575147212,5.697290897,1.160073519
3.389222660,-0.448591113,5.583962440,1.248128533
3.399220660,-0.232563898,5.708329201,1.240548491
3.409218670,0.004426814,5.964880943,1.136960268
3.419216660,0.253275812,6.165446281,1.045459867
3.429213660,0.487794846,6.294289112,1.024558544
3.439211660,0.698504269,6.463472366,1.050316930
3.449209660,0.884640336,6.694555759,1.106961846
3.459206660,1.083617449,6.906394958,1.183760643
3.469204660,0.946025848,6.333552361,1.050780535
3.479202670,0.205891728,5.068161488,0.532087743
3.489199660,-0.290462643,4.452669621,0.316993028
3.499197660,-0.323584914,4.538153172,0.579518378
3.509195660,-0.192432240,4.629281044,0.997587025
3.519193660,-0.140915513,4.320716858,1.234554887
3.529190660,-0.134687975,3.749860048,1.152645111
3.539188660,-0.041518562,3.323688745,0.909772396
3.549186670,0.162811413,3.016684532,0.635803938
3.559183660,0.389585555,2.571242809,0.456219286
3.569181660,0.535691082,2.113436222,0.356756866
3.579179660,0.549419045,1.600156426,0.295891911
3.589177660,0.486698419,1.184776783,0.273302466
3.599174660,0.370002359,0.781760693,0.228807762
3.609172660,0.292800248,0.469274968,0.086345159
3.619170660,0.237918824,0.188971847,-0.098140135
3.629167660,0.131837398,-0.065202370,-0.254374474
3.639165660,-0.038457818,-0.304374933,-0.417780101
3.649163660,-0.211632252,-0.616082251,-0.571095586
3.659160660,-0.279946417,-1.027366996,-0.671204448
3.669158660,-0.264142960,-1.554151177,-0.752294779
3.679156660,-0.228609472,-2.267595291,-0.860223949
3.689154660,-0.181918129,-3.144237280,-0.971835434
3.699151660,-0.102888510,-4.165254593,-1.037247777
3.709149660,0.012243668,-5.120238781,-1.081454158
3.719147660,0.076854974,-5.978406429,-1.151443839
3.729144660,0.054994147,-6.836309433,-1.256643176
3.739142660,-0.013336926,-7.768225670,-1.352004170
3.749140660,-0.107949451,-8.829144478,-1.413959622
3.759137670,-0.225720242,-9.832044601,-1.496004820
3.769135660,-0.347685576,-10.564419750,-1.565755129
3.779134040,-0.409934968,-10.873600010,-1.499730110
3.789132040,-0.391786873,-10.838556290,-1.288930297
3.799129040,-0.317009568,-10.679946900,-0.971407831
3.809127040,-0.150585964,-10.395911220,-0.679549635
3.819125040,0.161154747,-9.949243546,-0.534158349
3.829122040,0.643791676,-9.688918114,-0.487458199
3.839120040,1.181274891,-9.483196259,-0.511243403
3.849118040,1.532387972,-9.229846954,-0.605340600
3.859115040,1.590108871,-9.054536819,-0.708400548
3.869113040,1.450431347,-8.927868843,-0.735579193
3.879111040,1.297337532,-8.530849457,-0.761104643
3.889109040,1.317554116,-7.734230995,-0.822102785
3.899106040,1.471684813,-6.566404819,-0.843380749
3.909104040,1.599061489,-5.433940411,-0.723047972
3.919102040,1.592685938,-4.381792068,-0.515947521
3.929099040,1.427112341,-3.305104256,-0.285834432
3.939097040,1.089869380,-2.457452536,-0.105225965
3.949095040,0.733759224,-1.938638091,-0.021399245
3.959092040,0.504394531,-1.507884026,-0.040366679
3.969090040,0.356036693,-1.279760599,-0.114615612
3.979088040,0.270716697,-1.134010553,-0.218005478
3.989086040,0.220931560,-0.874775827,-0.278317034
3.999083040,0.156950355,-0.622053325,-0.266352892
4.009081040,0.083329663,-0.493083358,-0.200796753
4.019079040,0.022054829,-0.398337901,-0.141539529
4.029076040,-0.019580498,-0.209062263,-0.107696608
4.039074040,-0.027805487,-0.011268172,-0.063568674
4.049072040,0.024032677,0.157047078,-0.015050139
4.059069040,0.101310134,0.337843835,0.023470953
4.069067040,0.147617981,0.500236213,0.067737751
4.079065040,0.154853419,0.606198967,0.099190675
4.089063040,0.122796409,0.595121265,0.110263035
4.099060040,0.057796352,0.449522108,0.075680353
4.109058040,-0.016517559,0.230177507,-0.002384887
4.119056040,-0.069827430,0.036147445,-0.100860491
4.129053040,-0.052508362,-0.081532843,-0.171079799
4.139051040,0.046290327,-0.051933121,-0.162365809
4.149049040,0.142239764,0.086610109,-0.094448276
4.159046040,0.184976026,0.268220544,0.004662609
4.169044040,0.183166400,0.509235501,0.099496447
4.179042040,0.126640782,0.710637927,0.147834450
4.189040040,0.021736745,0.779089928,0.134100795
4.199037040,-0.078879580,0.714753509,0.081644744
4.209035040,-0.129116133,0.546376228,0.006412572
4.219033040,-0.138944611,0.337546587,-0.062073685
4.229030040,-0.102683805,0.108474530,-0.099813871
4.239028040,-0.020450052,-0.061294924,-0.113474786
4.249026040,0.078410216,-0.152228296,-0.104305789
4.259023040,0.150683060,-0.157345444,-0.072968036
4.269021040,0.166378140,-0.100385755,-0.033082411
4.279019040,0.154108942,0.000428181,-0.004421549
4.289017040,0.124106049,0.108646266,0.013303386
4.299014040,0.075280376,0.184666842,0.030461254
4.309012040,0.020815266,0.270306647,0.043913681
4.319010040,-0.028579967,0.317631126,0.052073855
4.329007040,-0.068204612,0.296318650,0.050757453
4.339005040,-0.093234755,0.213223890,0.045872726
4.349003040,-0.101768322,0.085684568,0.036578562
4.359000040,-0.096823357,-0.052320324,0.011969072
4.368998040,-0.058270901,-0.163519546,-0.028444130
4.378996040,0.002022696,-0.190927580,-0.053887751
4.388994040,0.044598654,-0.163362533,-0.055806026
4.398991040,0.070545949,-0.134785801,-0.049840782
4.408989040,0.088013619,-0.085311711,-0.053522337
4.418987040,0.082809567,-0.037157752,-0.052458756
4.428984040,0.067434877,0.044689711,-0.037757572
4.438982040,0.043040406,0.123284675,-0.016988773
4.448980040,0.022244578,0.149812952,-0.006070077
4.458977040,0.019901922,0.142881617,-0.001610339
4.468975040,0.028497541,0.102930471,-0.007850657
4.478973040,0.039483715,0.030961312,-0.025733739
4.488971040,0.046273444,-0.056144293,-0.040913757
4.498968040,0.040134609,-0.122554578,-0.045877691
4.508966040,0.047649253,-0.130307838,-0.045244124
4.518964040,0.066950180,-0.089393720,-0.041041754
4.528961040,0.072989963,-0.042405974,-0.027863635
4.538959040,0.063303299,0.002304683,-0.003724626
4.548957040,0.037080489,0.027609507,0.012624521
4.558954040,0.015430806,0.025925726,0.012187066
4.568952040,0.005094811,0.006210611,0.002854284
4.578950040,0.006294070,-0.018770291,-0.011688493
4.588948040,0.019682048,-0.027186679,-0.024854096
4.598945040,0.027039468,-0.035341606,-0.024194792
4.608943040,0.010493514,-0.035964787,-0.018207205
4.618941040,-0.012059490,-0.023258010,-0.012179106
4.628938040,-0.038868733,-0.022288619,-0.005979266
4.638936040,-0.053693842,-0.004559418,-0.002033589
4.648934040,-0.060727518,0.019255901,-0.003170759
4.658931040,-0.061275210,0.034092065,-0.000922225
4.668929040,-0.073122822,0.019091010,-0.000548051
4.678927040,-0.079335988,-0.016060483,-0.011439514
4.688925040,-0.068275347,-0.047194432,-0.035527274
4.698922040,-0.057760410,-0.077082135,-0.058041085
4.708920040,-0.049079567,-0.093012102,-0.059356954
4.718918040,-0.037438802,-0.093647011,-0.045382489
4.728915040,-0.036025994,-0.071526796,-0.025027415
4.738913040,-0.036200501,-0.031812236,-0.009826487
4.748911040,-0.027380113,0.012224731,0.004071753
4.758908040,-0.013818078,0.044112928,0.012166671
4.768906040,-0.001930792,0.061340917,0.009769825
4.778904910,0.014478689,0.067151919,0.007739106
4.788902910,0.030521039,0.067524493,0.003238364
4.798899910,0.042068459,0.056475967,0.007252649
4.808897910,0.031513289,0.058414750,0.007613241
4.818895910,0.011912415,0.081212692,0.007048434
4.828892910,-0.003655626,0.116627410,0.005902475
4.838890920,-0.020401213,0.139919251,0.010445872
4.848888910,-0.036190830,0.148409948,0.020701174
4.858885910,-0.042767741,0.131204605,0.030081276
4.868883910,-0.032000579,0.123360001,0.039133627
4.878881910,-0.021584436,0.123246968,0.048549518
4.888878910,-0.021838501,0.122885317,0.053712588
4.898876910,-0.030020852,0.122331999,0.050109744
4.908874920,-0.030890908,0.110094234,0.042200424
4.918872910,-0.020862285,0.106218949,0.032250956
4.928869910,-0.016092032,0.106773682,0.026050849
4.938867910,-0.013004576,0.097659983,0.024896219
4.948865910,-0.020792458,0.075782381,0.027702926
4.958862910,-0.033244789,0.038513459,0.028782116
4.968860910,-0.033979021,-0.004977826,0.011456389
4.978858920,-0.019341987,-0.045577109,-0.006260608
4.988855910,0.004639780,-0.063971825,-0.023121348
4.998853910,0.026927290,-0.064733826,-0.022557095
5.008851910,0.025773343,-0.047996927,-0.014284782
5.018849910,0.012918344,-0.011370593,-0.009916320
5.028846910,-0.006220730,0.028017292,-0.007715218
5.038844910,-0.016597992,0.052157369,-0.007381807
5.048842910,-0.023467882,0.052765634,-0.002699438
5.058839910,-0.016208798,0.036955684,0.000750764
5.068837910,0.004340420,0.013873535,0.004344966
5.078835910,0.031023581,-0.004170405,0.004181687
5.088832910,0.056839999,-0.012821684,0.001998961
5.098830910,0.068696059,-0.017884132,0.000699160
5.108828910,0.069275565,-0.021951845,-0.005209862
5.118826910,0.059866205,-0.018560549,-0.006545113
5.128823910,0.049892932,-0.013505604,-0.001918935
5.138821910,0.042115238,0.004352520,0.002502807
5.148819910,0.026300322,0.020313377,0.005903930
5.158816910,0.010228403,0.029377127,0.006337010
5.168814910,0.009251289,0.040830318,0.003021375
5.178812910,0.025311925,0.056348033,-0.007898447
5.188809920,0.038663149,0.065454714,-0.015630670
5.198807910,0.049015395,0.058261026,-0.013557180
5.208805910,0.049364008,0.037930988,-0.014875445
5.218802910,0.044654775,0.010714896,-0.013682402
5.228800910,0.040347110,-0.015629359,-0.012828059
5.238798910,0.036827341,-0.026865961,-0.006328340
5.248796910,0.024920346,-0.029117396,0.001834248
5.258793920,-0.006775500,-0.019540388,0.010562674
5.268791910,-0.036571745,-0.011349038,0.009387688
5.278789910,-0.051194299,0.001791049,0.012228127
5.288786910,-0.047952168,0.020643033,0.011537036
5.298784910,-0.037178345,0.027507644,0.006494026
5.308782910,-0.025101440,0.029401151,-0.003593762
5.318779910,-0.026441956,0.006653523,-0.006709070
5.328777920,-0.025053384,-0.016186014,-0.009529891
5.338775910,-0.018728754,-0.029034941,-0.005833265
5.348772910,-0.009485986,-0.026671918,-0.000039025
5.358770910,0.001460973,-0.020287711,0.010084397
5.368768910,0.008841125,-0.018729763,0.018701056
5.378766910,0.018863341,-0.014937934,0.015684079
5.388763910,0.028855255,-0.019773168,0.006699639
5.398761910,0.036022689,-0.022013059,-0.005325469
5.408759920,0.038601428,-0.023809360,-0.014533615
5.418756910,0.037243195,-0.026627745,-0.014405482
5.428754910,0.029244922,-0.020012988,-0.009083155
5.438752910,0.014874946,-0.008105191,-0.004353442
5.448749910,0.002808430,0.003546671,-0.001144333
5.458747910,-0.003794586,0.002405738,-0.000253275
5.468745910,-0.007997321,0.002663799,-0.004066123
5.478743920,-0.004531913,0.007000333,-0.007339636
5.488740910,-0.000277780,0.010970839,-0.006824580
5.498738910,-0.002169607,0.015479784,-0.009782708
5.508736910,-0.003541402,0.022243680,-0.010514013
5.518733910,-0.007306686,0.027696326,-0.003380279
5.528731910,-0.007925604,0.022726867,0.004439028
5.538729910,-0.005384391,0.015480637,0.006533303
5.548726910,0.004317771,0.009617954,-0.001340333
5.558724910,0.020370912,0.009427995,-0.015152028
5.568722910,0.036886506,0.009518810,-0.028289668
5.578719910,0.047896903,0.022343524,-0.034857493
5.588717910,0.048192516,0.034896597,-0.027914900
5.598715910,0.035982508,0.048505355,-0.013419355
5.608713910,0.023663258,0.052799173,0.004525557
5.618710910,0.025536494,0.061695687,0.002387045
5.628708910,0.018943572,0.070586920,-0.000450553
5.638706910,0.005780125,0.050074946,0.002002449
5.648703910,0.000218646,0.018386260,0.007588163
5.658701910,0.006590525,-0.000237490,0.015213327
5.668699910,0.015582688,-0.004467123,0.026143204
5.678696910,0.022272201,0.009589896,0.040377159
5.688694910,0.020864986,0.027268492,0.045941833
5.698692910,0.015835697,0.045108207,0.044206046
5.708689910,0.009681132,0.064491227,0.036810447
5.718687910,-0.001895569,0.082337908,0.030210780
5.728685910,-0.010044575,0.085161395,0.024478592
5.738683910,-0.010759798,0.073638804,0.019324355
5.748680910,-0.021307249,0.055930380,0.011877092
5.758678920,-0.032972053,0.036587484,-0.001009604
5.768676910,-0.038329799,0.033834577,-0.009081379
5.778672750,-0.038837280,0.036655623,0.000563552
5.788670750,-0.037751779,0.045080800,0.017295927
5.798668750,-0.029372307,0.056447014,0.021606565
5.808665750,-0.007183115,0.066437595,0.010720360
5.818663750,0.012212744,0.076919250,0.002101718
5.828661750,0.018688753,0.089134902,0.006186208
5.838658750,0.022152033,0.083695240,0.005434441
5.848656750,0.033690445,0.072968028,-0.000570188
5.858654750,0.043049626,0.044959906,-0.013106805
5.868652750,0.041644275,0.003622054,-0.025303015
5.878649750,0.044885769,-0.029473221,-0.034787409
5.888647750,0.059588548,-0.055359412,-0.035768252
5.898645750,0.075230293,-0.063264839,-0.032713201
5.908642750,0.071755663,-0.070085727,-0.020480238
5.918640750,0.062857360,-0.053138942,-0.018882548
5.928638750,0.051082727,-0.034394816,-0.027681632
5.938635750,0.022660015,-0.019763486,-0.031078504
5.948633750,-0.002018168,-0.001720570,-0.024731925
5.958631750,-0.003804420,0.008318920,-0.013199766
5.968628750,0.003287844,0.024428381,-0.004206271
5.978626750,0.005791630,0.027427614,0.004427371
5.988624750,0.004712517,0.019405372,0.003999933
5.998622750,-0.005957852,0.012147480,-0.006029205
6.008619750,-0.016982274,0.004310063,-0.019145275
6.018617750,-0.019130126,0.004164806,-0.015803788
6.028615750,-0.017332757,0.014326363,-0.007221218
6.038612750,-0.019558091,0.021870634,0.009152992
6.048610750,-0.020964507,0.029424956,0.020605916
6.058608750,-0.015850905,0.026872344,0.027486024
6.068605750,0.005340666,0.013496618,0.026178945
6.078603750,0.021495381,-0.003863097,0.015724242
6.088601750,0.034697469,-0.015323211,0.001875004
6.098599750,0.037610169,-0.023554776,-0.004300600
6.108596750,0.025592122,-0.016948538,0.001941317
6.118594750,-0.000154095,0.005531294,0.009094758
6.128592750,-0.022084162,0.028506652,0.013792041
6.138589750,-0.030421201,0.045151025,0.014989949
6.148587750,-0.022227718,0.034349244,0.019447016
6.158585750,-0.008992163,0.015771836,0.017719360
6.168582750,0.003274889,-0.005009875,0.012564813
6.178580750,0.006550098,-0.017812302,0.014452841
6.188578750,0.006004949,-0.017375013,0.019395666
6.198575750,0.002835513,-0.017679468,0.020038072
6.208573750,-0.003057264,-0.014978488,0.013378306
6.218571750,-0.013901529,-0.010449974,0.010806767
6.228569750,-0.023331517,-0.005626190,0.011179077
6.238566750,-0.020264804,0.008206478,0.018485570
6.248564750,-0.000187233,0.031739503,0.021603333
6.258562750,0.012955603,0.046650138,0.008387088
6.268559750,0.009377114,0.043726519,-0.002863969
6.278557750,-0.001390694,0.033021450,-0.009632153
6.288555750,-0.007586006,0.032387618,-0.011239903
6.298552750,-0.013041176,0.033121247,-0.008296114
6.308550750,-0.014533611,0.026567470,-0.003091765
6.318548750,-0.010111052,0.017308420,-0.000756412
6.328545750,-0.000492513,0.002319350,0.003792266
6.338543750,0.002606120,-0.016885104,0.007496621
6.348541750,-0.002974267,-0.022121677,0.010327561
6.358538750,-0.010643674,-0.007598205,0.015687490
6.368536750,-0.019612936,0.014652771,0.021066809
6.378534750,-0.028477758,0.038320694,0.024296138
6.388532750,-0.035278939,0.040704224,0.022873744
6.398529750,-0.037723280,0.033075269,0.015607484
6.408527750,-0.036707018,0.042148657,0.015432247
6.418525750,-0.038972318,0.044173609,0.013311855
6.428522750,-0.042369179,0.047755294,0.011015411
6.438520750,-0.035614826,0.047955167,0.002864705
6.448518750,-0.020984218,0.056208566,0.007572907
6.458515750,-0.013324225,0.063277677,0.021633452
6.468513750,-0.007683383,0.031792194,0.018868292
6.478511750,0.010950963,-0.001693576,-0.002723699
6.488508750,0.030449297,-0.035127435,-0.019367924
6.498506750,0.036992520,-0.060713641,-0.015935065
6.508504750,0.037281740,-0.053629633,-0.005480825
6.518502750,0.032960519,-0.030386664,0.004800273
6.528499750,0.017746145,-0.003417898,0.012460058
6.538497750,0.003704236,0.015208175,0.018538712
6.548495750,-0.012513882,0.024307130,0.014676597
6.558492750,-0.012859680,0.015336785,0.009684442
6.568490750,-0.007542411,0.004076674,0.001805480
6.578488750,-0.009379875,-0.005584188,-0.005250506
6.588485750,-0.019961413,-0.010308902,-0.008978931
6.598483750,-0.032860082,0.007715316,-0.011335984
6.608481750,-0.031554069,0.041200571,-0.009842217
6.618478750,-0.026178373,0.063127086,-0.001891275
6.628476750,-0.027826602,0.062444784,0.003238773
6.638474750,-0.025411608,0.041533977,0.002374975
6.648471750,-0.014145904,0.020659322,0.001142997
6.658469750,-0.004924881,0.021015178,0.003717037
6.668467750,-0.003469730,0.031782337,0.012422644
6.678465750,-0.006205468,0.036741756,0.017299168
6.688462750,0.000103027,0.039206244,0.021626005
6.698460750,0.005402706,0.033553034,0.032734070
6.708458750,-0.003390520,0.029602770,0.042525448
6.718455750,-0.013609242,0.020879110,0.046825744
6.728453750,-0.007507673,0.016963199,0.038595248
6.738451750,0.000918787,0.021438714,0.037797164
6.748448750,-0.001662349,0.030130740,0.042264085
6.758446750,0.001115389,0.034987856,0.047946651
6.768444750,0.007764237,0.033190221,0.040226948
6.778441500,0.013465012,0.026916197,0.024928400
6.788439500,0.021219604,0.015454483,0.009916428
6.798437500,0.027840104,0.011202722,0.001983079
6.808435500,0.034455929,0.012436565,0.004328525
6.818432500,0.027359311,0.010550457,0.008755935
6.828430500,0.015001178,0.014990213,0.016471380
6.838428500,-0.002359725,0.026422461,0.022763431
6.848425500,-0.017625229,0.026902363,0.030860240
6.858423500,-0.031539645,0.025773810,0.032415923
6.868421500,-0.040967502,0.021606762,0.032828715
6.878418500,-0.041701145,0.018995989,0.038831055
6.888416500,-0.042201821,0.023722835,0.040165298
6.898414500,-0.037475728,0.021962406,0.044287805
6.908411500,-0.027150651,0.027592063,0.041834768
6.918409500,-0.018157505,0.050113406,0.035670768
6.928407500,-0.019175099,0.055713236,0.025435176
6.938405500,-0.020575145,0.046916645,0.014276866
6.948402500,-0.011598960,0.032380313,0.004802670
6.958400500,0.006673788,0.016320920,0.001452680
6.968398500,0.022853289,0.008968731,-0.001817682
6.978395500,0.023570884,-0.001927136,-0.000892243
6.988393500,0.013506799,-0.005864619,-0.000831523
6.998391500,0.005340769,-0.006656208,0.000271225
7.008388500,0.003503188,-0.004654576,0.002193494
7.018386500,-0.002229799,-0.014093884,0.001382295
7.028384500,-0.005539043,-0.021792816,0.001115713
7.038381500,-0.009886248,-0.034214407,-0.000604432
7.048379500,-0.013210139,-0.038937792,-0.001346921
7.058377500,-0.009832853,-0.033495486,-0.000116499
7.068374500,-0.002372540,-0.033969793,0.006488407
7.078372500,0.004409855,-0.043414943,0.007982415
7.088370500,0.011567634,-0.055655632,0.003780480
7.098367500,0.020745164,-0.066861562,-0.001671560
7.108365500,0.021532394,-0.068088219,-0.000059016
7.118363500,0.018875731,-0.050706659,0.005469516
7.128361500,0.017422445,-0.023132823,0.011120478
7.138358500,0.010241890,0.017700704,0.021761147
7.148356500,0.000545055,0.065705515,0.041828066
7.158354500,-0.012205317,0.139025405,0.065165780
7.168351500,-0.030917220,0.472614557,0.148353338
7.178349500,-0.111870855,1.176656961,0.329743773
7.188347500,-0.288134813,2.339210510,0.586961746
7.198344500,-0.608964264,3.815255165,0.852257371
7.208342500,-1.051208615,5.228140831,1.164616942
7.218340500,-1.513004661,6.312057018,1.490029573
7.228337500,-1.817188621,7.222890854,1.666998982
7.238335500,-1.951787233,8.019885063,1.701860666
7.248333500,-1.958414793,8.588989258,1.640110016
7.258330500,-1.892758727,9.117017746,1.530130386
7.268328500,-1.749427438,9.560957909,1.407480955
7.278326500,-1.456226230,9.897882462,1.338991046
7.288324500,-1.053726673,10.401530270,1.272534251
7.298321500,-0.723176122,11.020834920,1.182017446
7.308319500,-0.552849412,11.317540170,1.092811942
7.318317500,-0.449537218,11.263113020,0.963860869
7.328314500,-0.385451973,10.829125400,0.774133265
7.338312500,-0.365565628,9.894878387,0.499453038
7.348310500,-0.301015139,8.666895866,0.092155837
7.358307500,-0.139552712,7.395569324,-0.282489508
7.368305500,0.107792117,6.101556301,-0.425082058
7.378303500,0.482322663,5.016407967,-0.285574943
7.388300500,0.871258974,4.167156696,0.048667744
7.398298500,1.130446553,3.551610231,0.440027028
7.408296500,1.200578332,3.189009905,0.748865306
7.418293500,1.101721883,2.935066938,0.976617754
7.428291500,0.917090714,2.685833693,1.084415555
7.438289500,0.721026838,2.417800426,1.083684921
7.448287500,0.535608292,2.060101986,1.021928072
7.458284500,0.392366022,1.746568203,0.910707354
7.468282500,0.274768025,1.450013757,0.852480292
7.478280500,0.155659676,1.173136711,0.850692093
7.488277500,0.176440850,0.990608931,0.875172913
7.498275500,0.253797233,0.645393074,0.822831333
7.508273500,0.329278946,0.120420411,0.657084167
7.518270500,0.426590413,-0.518892884,0.501160979
7.528268500,0.539453268,-1.095348477,0.408873409
7.538266500,0.687802195,-1.782243729,0.352954924
7.548263500,0.802710950,-2.715652943,0.195828691
7.558261500,0.892706096,-3.756450176,-0.022064596
7.568259500,0.975163996,-4.810473442,-0.211564481
7.578256500,1.027382731,-5.897370815,-0.347558558
7.588254500,1.011069536,-6.903237343,-0.471897036
7.598252500,0.910921037,-7.737149239,-0.568034887
7.608249500,0.675163329,-8.423620224,-0.613034546
7.618247500,0.323736996,-8.856816292,-0.596600950
7.628245500,-0.102265969,-9.057573318,-0.463972390
7.638243500,-0.523220718,-8.996934891,-0.233266085
7.648240500,-0.879485071,-8.767180443,0.049115010
7.658238500,-1.162000060,-8.555716515,0.309839278
7.668236500,-1.376439214,-8.560366631,0.429557413
7.678233500,-1.564606905,-8.913706779,0.373997509
7.688231500,-1.763298750,-9.379764557,0.176175788
7.698229500,-1.945870519,-9.930998802,-0.125768110
7.708226500,-2.055677652,-10.563276290,-0.468542516
7.718224500,-2.028383255,-11.143666270,-0.792084813
7.728222500,-1.888850212,-11.682913780,-1.093157887
7.738219500,-1.691367745,-12.307865140,-1.462679744
7.748217500,-1.426639676,-12.844343190,-1.954236388
7.758215500,-1.039834261,-13.121760370,-2.452095509
7.768212500,-0.517194867,-12.947099690,-2.838373184
7.778210870,0.081376992,-12.163534160,-3.099365950
7.788208870,0.645154059,-11.009032250,-3.180402040
7.798206870,1.095577002,-9.800702095,-3.035276175
7.808203870,1.334227920,-8.649601936,-2.712783337
7.818201870,1.289206028,-7.526699066,-2.293608904
7.828199870,0.996308029,-6.325117111,-1.849123120
7.838196870,0.544426680,-5.154352665,-1.372064352
7.848194870,0.059753224,-4.020991325,-0.939784288
7.858192870,-0.307035208,-2.998697281,-0.586794734
7.868189870,-0.483516485,-2.131094694,-0.291856319
7.878187870,-0.490671039,-1.353596926,-0.057955734
7.888185870,-0.399871618,-0.681782901,0.122100048
7.898182870,-0.284405947,-0.191501230,0.297412604
7.908180870,-0.174032316,0.134982869,0.456672311
7.918178870,-0.070192523,0.369954139,0.553438962
7.928175870,0.002281145,0.516953707,0.590604961
7.938173870,0.045369100,0.593456626,0.589563906
7.948171870,0.080595531,0.620780408,0.577885389
7.958168870,0.111324422,0.607790172,0.572901308
7.968166870,0.139286816,0.585804999,0.570934296
7.978164870,0.159535825,0.570391178,0.551344991
7.988161870,0.162175804,0.600619674,0.537683785
7.998159870,0.141672507,0.688073993,0.527014375
8.008157870,0.101486728,0.816404283,0.507972002
8.018155870,0.063048482,0.954953790,0.491006702
8.028152870,0.048253290,1.109387994,0.496795863
8.038150870,0.056843095,1.321229577,0.533940494
8.048148870,0.089919023,1.615863323,0.603174388
8.058145870,0.127830565,1.988138556,0.714601934
8.068143870,0.145466015,2.369378567,0.853994727
8.078141870,0.140934631,2.725285769,1.030773163
8.088138870,0.123848602,3.104738235,1.232666612
8.098136870,0.089398287,3.498279572,1.412173986
8.108134870,0.044942673,3.907708406,1.534921408
8.118131870,-0.006923656,4.268289089,1.580086350
8.128129870,-0.013079021,4.574874401,1.545624733
8.138127870,0.102464631,4.951854706,1.478533149
8.148124870,0.281020790,5.467797756,1.451986432
8.158122870,0.442920923,6.025333881,1.498012543
8.168120870,0.602006435,6.670138359,1.632320881
8.178117870,0.717955470,7.331240177,1.824994683
8.188115870,0.721481204,7.809642792,1.998484969
8.198113870,0.628354669,8.047659874,2.082916498
8.208111870,0.536280930,8.165037155,2.092662573
8.218108870,0.416883260,8.158116341,2.036044598
8.228106870,0.276020169,7.949470997,1.924391389
8.238104870,0.236300126,7.715849876,1.747109532
8.248101870,0.312840462,7.511110783,1.549523234
8.258099870,0.455769539,7.333839417,1.339374304
8.268097870,0.634349108,7.252337933,1.138303757
8.278094870,0.752434611,7.245230675,0.939226091
8.288092870,0.777817488,7.103292465,0.705858588
8.298090870,0.707777560,6.739109039,0.430602997
8.308087870,0.602800548,6.101550579,0.142675310
8.318085870,0.564919055,5.269988060,-0.143646956
8.328083870,0.646178246,4.399791241,-0.394495159
8.338080870,0.805442691,3.578995705,-0.624070048
8.348078870,1.013062477,2.838351011,-0.850871503
8.358076870,1.241762877,2.228475809,-0.994750440
8.368073870,1.424528718,1.766205549,-1.001150012
8.378071870,1.486169815,1.373084545,-0.918023407
8.388069870,1.403900743,1.064200401,-0.792769909
8.398067870,1.217427969,0.872171104,-0.637597561
8.408064870,0.969326556,0.743155062,-0.479958952
8.418062870,0.695025325,0.563310683,-0.363375008
8.428060870,0.426407248,0.323498309,-0.292801499
8.438057870,0.202820197,0.053778164,-0.243153259
8.448055870,0.041383110,-0.179479331,-0.203678027
8.458053870,-0.043022782,-0.377780885,-0.166738525
8.468050870,-0.039251745,-0.531055093,-0.129556805
8.478048870,0.038026832,-0.679314017,-0.094455324
8.488046870,0.161980197,-0.814089954,-0.070222422
8.498043870,0.286036581,-0.889738083,-0.048568167
8.508041870,0.377010137,-0.906087518,-0.026701754
8.518039870,0.409239441,-0.898571312,-0.014345397
8.528036870,0.395102590,-0.866004050,-0.016248226
8.538034870,0.348627806,-0.812168717,-0.040041845
8.548032870,0.286686420,-0.792706311,-0.065225497
8.558029870,0.240421981,-0.833964467,-0.065101057
8.568027870,0.227593526,-0.886223137,-0.042887095
8.578025870,0.225400910,-0.920308650,0.007249839
8.588022870,0.203969657,-0.938490331,0.057326589
8.598020870,0.177409440,-0.899294078,0.081487834
8.608018870,0.158258647,-0.812726676,0.096565053
8.618015870,0.133026957,-0.711465359,0.110700794
8.628013870,0.110818334,-0.579372823,0.121104427
8.638011870,0.098574899,-0.451337546,0.127404287
8.648009870,0.080255009,-0.365527302,0.127814412
8.658006870,0.048365850,-0.327381253,0.101480953
8.668004870,0.025378242,-0.350682586,0.068557896
8.678002870,0.022583151,-0.409797698,0.039251629
8.687999870,0.024863616,-0.495572269,0.027714018
8.697997870,0.017995369,-0.593548238,0.027007606
8.707995870,0.027545197,-0.649420321,0.027800430
8.717992870,0.043950956,-0.665843666,0.034893505
8.727990870,0.064761691,-0.661325336,0.043538660
8.737988870,0.085951179,-0.624774635,0.047419582
8.747985870,0.110955335,-0.528000414,0.047201734
8.757983870,0.133253634,-0.381890744,0.043817524
8.767981870,0.136160478,-0.218105823,0.033184320
8.777978410,0.111076117,-0.064277090,0.029104745
8.787976410,0.065226868,0.035580538,0.041196562
8.797974410,0.023379099,0.086056657,0.051436760
8.807971410,-0.003787009,0.085100844,0.053120408
8.817969410,-0.020967292,0.039378170,0.040174197
8.827967420,-0.030120840,-0.031475499,0.025416026
8.837964410,-0.023883453,-0.083143756,0.020455888
8.847962410,-0.017100114,-0.098184489,0.012549230
8.857960410,-0.014519500,-0.089051068,0.007125153
8.867958410,-0.014962118,-0.052708235,0.006722749
8.877955410,-0.024459843,0.001812475,0.017990489
8.887953410,-0.026887847,0.039863188,0.028728086
8.897951420,-0.029746877,0.069567740,0.026059592
8.907948410,-0.044567637,0.066163421,0.000984599
8.917946410,-0.068402000,0.038409367,-0.027615346
8.927944410,-0.089987986,0.005575788,-0.046899296
8.937941410,-0.099306673,-0.016676961,-0.053511322
8.947939410,-0.109511107,-0.019687664,-0.055006687
8.957937410,-0.114550322,-0.013669279,-0.050637044
8.967934410,-0.112986512,-0.010631944,-0.055522610
8.977932410,-0.104808688,-0.015949761,-0.053892344
8.987930410,-0.088082172,-0.030488227,-0.050012119
8.997927410,-0.068162106,-0.046698581,-0.039634869
9.007925410,-0.052513905,-0.059366442,-0.027945191
9.017923410,-0.042844512,-0.061843824,-0.023401555
9.027920410,-0.045621391,-0.069877252,-0.028384862
9.037918420,-0.052798849,-0.086930051,-0.035201259
9.047916410,-0.052814029,-0.086134300,-0.046352979
9.057913410,-0.057932489,-0.069457173,-0.049481973
9.067911410,-0.063394099,-0.051164184,-0.041754279
9.077909410,-0.067595564,-0.042733397,-0.027147517
9.087907410,-0.066150263,-0.042264946,-0.017822191
9.097904410,-0.065339804,-0.049711645,-0.017061144
9.107902420,-0.058100533,-0.055745572,-0.008701480
9.117900410,-0.042724703,-0.046047576,0.009535975
9.127897410,-0.039459668,-0.034287054,0.027978100
9.137895410,-0.034933023,-0.037462778,0.039599996
9.147893410,-0.031747885,-0.047481325,0.039354187
9.157890410,-0.026254812,-0.073792011,0.039566621
9.167888410,-0.016048515,-0.082897350,0.042701960
9.177886420,0.000250506,-0.070745863,0.042226173
9.187883410,0.013935958,-0.038206562,0.038642358
9.197881410,0.017672524,0.005650678,0.034280341
9.207879410,0.016605929,0.045862015,0.033123732
9.217876410,0.002377191,0.071563378,0.038768567
9.227874410,-0.020699898,0.089407094,0.038035665
9.237872410,-0.035291716,0.087416813,0.037949774
9.247869410,-0.040834289,0.063410014,0.027684622
9.257867410,-0.035771027,0.027357498,0.015679011
9.267865410,-0.023333535,-0.009848193,0.000264634
9.277862410,-0.001465148,-0.030632399,-0.008085629
9.287860410,0.013773993,-0.037377119,-0.015730232
9.297858410,0.016910223,-0.036109988,-0.024228854
9.307855410,0.011013186,-0.031005774,-0.030210581
9.317853410,0.006314836,-0.036564853,-0.026094133
9.327851410,0.013971157,-0.034649242,-0.018377889
9.337848410,0.016772281,-0.024108870,-0.009467767
9.347846410,0.011865408,-0.023990093,-0.000389051
9.357844410,0.002712889,-0.043602433,0.005537368
9.367842410,-0.003460585,-0.059283122,0.001543425
9.377839410,-0.014406780,-0.070522606,-0.002806216
9.387837420,-0.032969810,-0.080532365,0.001135262
9.397835410,-0.047442298,-0.092888996,0.010817855
9.407832410,-0.047394093,-0.111501031,0.023218596
9.417830410,-0.040828753,-0.156041846,0.030478172
9.427828410,-0.035900574,-0.252702624,0.025958788
9.437825410,-0.023643386,-0.350792259,0.007079921
9.447823410,-0.016845135,-0.439066738,-0.005046517
9.457821420,-0.033777107,-0.553055704,-0.022846561
9.467818410,-0.103832364,-0.710648537,-0.062797442
9.477816410,-0.231640995,-0.929117262,-0.124712870
9.487814410,-0.391947836,-1.213267565,-0.202563986
9.497811410,-0.542184234,-1.553217649,-0.263418764
9.507809410,-0.644055963,-1.904502630,-0.279509872
9.517807410,-0.692928612,-2.249776363,-0.248264328
9.527804410,-0.676842630,-2.577791929,-0.187323734
9.537802410,-0.644803107,-2.909406185,-0.104729377
9.547800410,-0.626991570,-3.266258240,0.002839689
9.557797410,-0.662319899,-3.643685341,0.115426660
9.567795410,-0.740682840,-4.035594940,0.193384305
9.577793410,-0.851354897,-4.452846527,0.239742875
9.587790420,-0.956582785,-4.871502876,0.250880480
9.597788410,-1.034786701,-5.303115368,0.232387751
9.607786410,-1.064215660,-5.842360497,0.204212308
9.617783410,-1.045881033,-6.398263931,0.150879174
9.627781410,-0.973880291,-6.890098572,0.046591911
9.637779410,-0.820071280,-7.358131886,-0.114711672
9.647777410,-0.580254435,-7.826362610,-0.368460834
9.657774410,-0.297767013,-8.348618507,-0.688256383
9.667772410,-0.057926722,-8.927450180,-0.980536461
9.677770410,0.075436220,-9.480738640,-1.231227994
9.687767410,0.116920814,-9.845006943,-1.492588997
9.697765410,0.109663390,-9.919093132,-1.771162987
9.707763410,0.054622769,-9.777763367,-2.011876345
9.717760410,-0.001336807,-9.480275154,-2.200329065
9.727758410,-0.050167464,-8.981325150,-2.291030407
9.737756420,-0.119663916,-8.357689857,-2.248775959
9.747753410,-0.238676325,-7.600032330,-2.128664017
9.757751410,-0.388698339,-6.833220482,-1.950253367
9.767749410,-0.524001539,-6.069374561,-1.788695097
9.777746540,-0.570570529,-5.414076805,-1.627251625
9.787744540,-0.524908483,-4.799929619,-1.442173958
9.797742540,-0.451278001,-4.195137978,-1.244151592
9.807739540,-0.360008538,-3.549870014,-1.059411645
9.817737540,-0.245364711,-2.896860123,-0.863637686
9.827735540,-0.134306639,-2.315834284,-0.645523727
9.837732540,-0.052675422,-1.866878748,-0.441504806
9.847730540,0.003094103,-1.574216962,-0.273235112
9.857728540,0.057391766,-1.380441546,-0.149831832
9.867725540,0.132907301,-1.177198172,-0.072617732
9.877723540,0.228196785,-0.932177067,-0.012816967
9.887721540,0.303552270,-0.638744950,0.042154670
9.897718540,0.316495806,-0.322040916,0.100154445
9.907716540,0.246727094,0.076184191,0.138012886
9.917714540,0.120121665,0.572359919,0.155286923
9.927711540,-0.001973082,1.320344925,0.211044982
9.937709540,-0.093580142,2.340788841,0.359596461
9.947707540,-0.131420463,3.544267178,0.566595197
9.957704540,-0.110569112,4.755164623,0.863358080
9.967702540,-0.044411667,5.948157787,1.194144130
9.977700540,0.066338822,7.012879372,1.540871978
9.987698540,0.200145349,7.956261635,1.831356764
9.997695540,0.339595258,8.746410370,2.043664217
10.007693540,0.455182314,9.335281372,2.193091154
10.017691540,0.571980000,9.785352707,2.272572041
10.027688540,0.721181750,10.119093890,2.281232119
10.037686540,0.908573985,10.425415990,2.223157167
10.047684540,1.064533472,10.622538570,2.133536100
10.057681540,1.137852669,10.627253530,2.043812752
10.067679540,1.125015497,10.429395680,1.939162135
10.077677540,1.033326149,10.122626300,1.807696819
10.087674540,0.862820506,9.793372154,1.618525505
10.097672540,0.655265272,9.417558670,1.368824840
10.107670540,0.462215662,8.873070717,1.109727740
10.117667540,0.350840718,8.281339645,0.864339232
10.127665540,0.310267448,7.658564568,0.652452588
10.137663540,0.352978140,7.042755604,0.509731114
10.147660540,0.472362578,6.484439373,0.447115421
10.157658540,0.596287548,6.001905918,0.466749162
10.167656540,0.655261934,5.537374973,0.506836951
10.177653540,0.630371153,4.959386826,0.490426451
10.187651540,0.516804635,4.193288803,0.396331638
10.197649540,0.337345362,3.282386541,0.218948409
10.207646540,0.173942819,2.306989431,-0.020254061
10.217644540,0.060824767,1.420118928,-0.234931395
10.227642540,-0.047296911,0.676528454,-0.344687968
10.237639540,-0.156096712,0.030417530,-0.334735572
10.247637540,-0.222344980,-0.546817541,-0.259072751
10.257635540,-0.246224046,-1.087493062,-0.187714532
10.267632540,-0.243928388,-1.695292711,-0.169421822
10.277630540,-0.240684837,-2.403811455,-0.206912115
10.287628540,-0.272821188,-3.178044319,-0.296572506
10.297625540,-0.366365910,-3.994913578,-0.412130326
10.307623540,-0.491603732,-4.861817360,-0.487931609
10.317621540,-0.632675886,-5.698595047,-0.506027937
10.327618540,-0.806160092,-6.601157665,-0.488280952
10.337616540,-1.008730412,-7.684900284,-0.421648771
10.347614540,-1.191713333,-8.829041481,-0.367159158
10.357612540,-1.267272115,-10.089097980,-0.415492863
10.367609540,-1.149677753,-11.401886940,-0.587795377
10.377607540,-0.844483435,-12.531767850,-0.890270650
10.387605540,-0.467471957,-13.350813870,-1.274998069
10.397602540,-0.195827872,-13.700497630,-1.650108218
10.407600540,-0.131138086,-13.582875250,-1.953176975
10.417598540,-0.237177342,-13.251496320,-2.152967215
10.427595540,-0.404900581,-12.778365140,-2.271926641
10.437593540,-0.574047744,-12.196533200,-2.351400614
10.447591540,-0.720498204,-11.466877940,-2.435294867
10.457588540,-0.853605807,-10.655386920,-2.548195839
10.467586540,-0.961414814,-9.868428230,-2.644029856
10.477584540,-1.047506452,-9.128875732,-2.663389921
10.487581540,-1.109490752,-8.414817810,-2.599528313
10.497579540,-1.116006374,-7.661931038,-2.473783493
10.507577540,-1.026496172,-6.781727791,-2.302014589
10.517574540,-0.822319150,-5.762526035,-2.043470383
10.527572540,-0.546056390,-4.624115467,-1.675143838
10.537570540,-0.277400732,-3.419208765,-1.209840298
10.547567540,-0.075001545,-2.239631176,-0.692199469
10.557565540,0.041884825,-1.123329282,-0.192258135
10.567563540,0.150645405,-0.193349883,0.234218091
10.577560540,0.322511315,0.590830386,0.548541665
10.587558540,0.495159507,1.263902545,0.743299663
10.597556540,0.579516947,1.977714419,0.872377396
10.607553540,0.557746649,2.930073738,0.978451610
10.617551540,0.491378248,4.160267353,1.076795101
10.627549540,0.416256338,5.432988644,1.399453878
10.637546540,0.326683015,6.749630928,1.780332327
10.647544540,0.250246286,8.059646606,2.086639643
10.657542540,0.244481862,9.262314796,2.311513662
10.667539540,0.369688779,10.356138230,2.436846733
10.677537540,0.587454379,11.260241510,2.505187988
10.687535540,0.832475305,11.994263650,2.509424448
10.697532540,1.068363786,12.551095010,2.497688293
10.707530540,1.289331317,13.024473190,2.519110680
10.717528540,1.481938601,13.506116870,2.573596478
10.727525540,1.659278274,13.951553340,2.593071699
10.737523540,1.830211282,14.187120440,2.555431843
10.747521540,1.988808632,14.342803000,2.448717833
10.757518540,2.038431406,14.396476750,2.289449215
10.767516540,1.930341721,14.310043330,2.082279921
10.777514540,1.745509744,13.904872890,1.750324011
10.787511750,1.618695617,13.408949850,1.297532916
10.797509750,1.571471572,12.796484950,0.797204912
10.807507750,1.570425987,11.921854020,0.305809110
10.817505750,1.601994395,10.740154270,-0.116984785
10.827502750,1.612031341,9.186170578,-0.437719941
10.837500750,1.526716828,7.238302708,-0.747960985
10.847498750,1.395103097,5.120571136,-1.057726026
10.857495750,1.243659616,3.327255249,-1.397611856
10.867493750,0.966804147,1.859163642,-1.553370118
10.877491750,0.687128186,0.797156811,-1.437270284
10.887488750,0.545368671,0.166579649,-1.130714893
10.897486750,0.480122954,-0.246566310,-0.734469533
10.907484750,0.390506238,-0.636861324,-0.385728598
10.917481750,0.255866855,-1.134762287,-0.169481114
10.927479750,0.072886392,-1.765989780,-0.101492994
10.937477750,-0.112246089,-2.579322338,-0.176173270
10.947474750,-0.270585388,-3.606749058,-0.327229083
10.957472750,-0.407445580,-4.825258732,-0.491406441
10.967470750,-0.536868036,-6.266136646,-0.624467015
10.977467750,-0.666034102,-7.939598083,-0.656991422
10.987465750,-0.783326924,-9.665066719,-0.598208547
10.997463750,-0.848298550,-11.408032420,-0.486127257
11.007460750,-0.857738137,-13.103442190,-0.347515583
11.017458750,-0.792843401,-14.629593850,-0.266659975
11.027456750,-0.635996282,-15.995742800,-0.296501249
11.037453750,-0.396115363,-17.279174800,-0.430080861
11.047451750,-0.167433202,-18.196332930,-0.683312118
11.057449750,-0.014492302,-18.603626250,-1.030286789
11.067446750,0.005860641,-18.671983720,-1.392908931
11.077444750,-0.089487039,-18.333721160,-1.774487019
11.087442750,-0.263626605,-17.497468950,-2.210570574
11.097439750,-0.470955491,-16.252346040,-2.639006138
11.107437750,-0.653495431,-14.731994630,-2.896291256
11.117435750,-0.739526629,-13.164809230,-2.859910250
11.127432750,-0.776312828,-11.338212010,-2.614777088
11.137430750,-0.816792667,-9.533630371,-2.170698881
11.147428750,-0.864891231,-7.859412193,-1.585233092
11.157425750,-0.893519044,-6.324637413,-1.076011539
11.167423750,-0.900748193,-4.873700619,-0.736589968
11.177421750,-0.888276339,-3.618963480,-0.490025490
11.187418750,-0.778685629,-2.806611538,-0.287619412
11.197416750,-0.453944355,-2.115097284,-0.113058344
11.207414750,0.011938912,-1.369014859,0.093346231
11.217411750,0.412791878,-0.628073573,0.326469839
11.227409750,0.626829386,0.074131951,0.581362545
11.237407750,0.695604801,0.767067850,0.808118522
11.247404750,0.699403286,1.530948758,0.968017399
11.257402750,0.673391581,2.335402966,1.094820738
11.267400750,0.634701490,3.177187443,1.219770908
11.277398750,0.576060831,4.177483082,1.385555148
11.287395750,0.522395730,5.362644196,1.630108953
11.297393750,0.495037854,6.532658577,1.937435985
11.307390750,0.535465479,7.674745083,2.256568432
11.317388750,0.639187753,8.752401352,2.556246996
11.327386750,0.755039811,9.735667229,2.752486706
11.337384750,0.866763711,10.689167980,2.767917871
11.347381750,0.983636856,11.376108170,2.674264908
11.357379750,1.105128646,11.790659900,2.495292664
11.367377750,1.259296417,11.988467220,2.287410259
11.377374750,1.456035852,11.991187100,2.138066292
11.387372750,1.689784169,11.971117020,2.052673101
11.397370750,1.867339373,12.040299420,2.024123669
11.407367750,1.937075853,12.079190250,1.990091801
11.417365750,1.956585884,12.095429420,1.887084126
11.427363750,1.951129079,12.129365920,1.760935068
11.437360750,1.870208025,12.115222930,1.587727308
11.447358750,1.708952069,11.881245610,1.294994831
11.457356750,1.535986185,11.389288900,0.963301599
11.467353750,1.419050932,10.676829340,0.705544889
11.477351750,1.373768568,9.907643318,0.476890355
11.487349750,1.354560256,8.956444740,0.275341243
11.497346750,1.298830748,7.826228142,0.095598996
11.507344750,1.197649360,6.585311890,-0.117535382
11.517342750,1.099434137,5.316901684,-0.363748163
11.527339750,1.070038676,4.126922607,-0.619639337
11.537337750,1.117954731,3.120777845,-0.820914805
11.547335750,1.114572525,2.299968719,-0.919123709
11.557332750,0.952642620,1.487383604,-0.877451599
11.567330750,0.662846208,0.841876209,-0.782443643
11.577328750,0.306973368,0.212433815,-0.621457636
11.587325750,-0.051258560,-0.375876546,-0.501979709
11.597323750,-0.380697638,-1.126175880,-0.501703978
11.607321750,-0.677811623,-2.137995243,-0.687850416
11.617318750,-0.922199071,-3.265204668,-0.978475690
11.627316750,-1.097166896,-4.463610649,-1.245449543
11.637314750,-1.131097436,-5.699643135,-1.424488783
11.647311750,-1.020541072,-6.873902321,-1.504629970
11.657309750,-0.793253362,-8.068709373,-1.516061783
11.667307750,-0.544707179,-9.372838974,-1.485931516
11.677304750,-0.397652417,-10.780196190,-1.440237641
11.687302750,-0.415437251,-12.252696040,-1.409292698
11.697300750,-0.552493215,-13.670651440,-1.322330475
11.707297750,-0.691208482,-14.818864820,-1.158286452
11.717295750,-0.749759614,-15.585350040,-1.088957310
11.727293750,-0.666455925,-15.904869080,-1.265385389
11.737290750,-0.486246228,-15.787910460,-1.580641031
11.747288750,-0.332661748,-15.195054050,-1.917456865
11.757286750,-0.253262073,-14.162737850,-2.255005121
11.767283750,-0.236971512,-12.959323880,-2.539789677
11.777281750,-0.244138464,-11.675491330,-2.668646574
11.787280370,-0.283597201,-10.389285090,-2.601378918
11.797277370,-0.327984154,-9.175817490,-2.377491713
11.807275370,-0.387430966,-8.059524536,-2.076323509
11.817273370,-0.484528214,-7.130963802,-1.762632608
11.827270370,-0.554322481,-6.380969048,-1.543432951
11.837268370,-0.550162554,-5.651009083,-1.443761826
11.847266370,-0.449899852,-4.841280460,-1.362029195
11.857263370,-0.261919320,-3.875244141,-1.184763789
11.867261370,-0.046949748,-2.747560740,-0.882214904
11.877259370,0.118520036,-1.542071104,-0.487418294
11.887256370,0.195696324,-0.314814180,-0.058500234
11.897254370,0.186292380,0.886624038,0.332324386
11.907252370,0.100547373,2.264756918,0.679435730
11.917249370,-0.023685697,3.906767368,1.065683126
11.927247370,-0.154216275,5.661659241,1.521642685
11.937245370,-0.260856062,7.363571167,2.014838696
11.947242370,-0.337618738,8.738980293,2.454475880
11.957240370,-0.326770514,9.732970238,2.720444918
11.967238370,-0.206628948,10.436313630,2.818069935
11.977235370,-0.016927311,10.871661190,2.858685732
11.987233370,0.198384464,11.133851050,2.844193935
11.997231370,0.396003246,11.293993000,2.766234159
12.007228370,0.582694352,11.363864900,2.640780926
12.017226370,0.754964113,11.388917920,2.483838797
12.027224370,0.912758529,11.352781300,2.302134514
12.037221370,1.040660262,11.290826800,2.129571199
12.047219370,1.110850215,11.242883680,1.988504291
12.057217370,1.090727925,11.146315570,1.857640028
12.067214370,0.972821355,10.876385690,1.705200434
12.077212370,0.792089045,10.390127180,1.482488513
12.087210370,0.541117251,9.634073257,1.221794963
12.097208370,0.227958605,8.635143280,0.945870876
12.107205370,-0.135129064,7.439621925,0.626627088
12.117203370,-0.462889016,6.109144688,0.288497120
12.127200370,-0.659033775,4.797119617,0.006787144
12.137198370,-0.666046143,3.709479570,-0.196633086
12.147196370,-0.531574368,2.850409985,-0.326357514
12.157194370,-0.334856778,2.073533535,-0.367496163
12.167191370,-0.080905192,1.391818643,-0.370092750
12.177189370,0.219786823,0.875249863,-0.370886266
12.187187370,0.464068204,0.533565521,-0.377052814
12.197184370,0.590823293,0.310592651,-0.378561020
12.207182370,0.621167302,0.184454173,-0.376403332
12.217180370,0.612461925,0.160933301,-0.368806005
12.227177370,0.545464754,0.205879465,-0.324118704
12.237175370,0.412949324,0.229529023,-0.256890118
12.247173370,0.245027140,0.230076566,-0.206028000
12.257170370,0.109406188,0.175354809,-0.171464086
12.267168370,0.067426242,0.053852625,-0.163125992
12.277166370,0.129002020,-0.075407662,-0.174547270
12.287163370,0.245988831,-0.203846335,-0.175531030
12.297161370,0.361666530,-0.330681562,-0.159578681
12.307159370,0.461107105,-0.418663591,-0.136057109
12.317156370,0.540682375,-0.409587353,-0.119997241
12.327154370,0.576428652,-0.340843707,-0.110125169
12.337152370,0.578528166,-0.272391915,-0.108188279
12.347149370,0.503783882,-0.208580717,-0.093669787
12.357147370,0.374647498,-0.101554334,-0.067487247
12.367145370,0.214630395,-0.019151865,-0.032437388
12.377142370,0.066402987,0.021668229,-0.005863799
12.387140370,-0.029855903,0.011703479,0.005576076
12.397138370,-0.062489621,-0.019162480,0.000586651
12.407135370,-0.058532961,-0.062101424,-0.013748612
12.417133370,-0.038578268,-0.127113298,-0.033021417
12.427131370,0.008301624,-0.190797731,-0.075216539
12.437128370,0.074073352,-0.205124810,-0.131288156
12.447126370,0.106588684,-0.187757805,-0.165167555
12.457124370,0.100070715,-0.165012881,-0.173281699
12.467121370,0.092538498,-0.116271160,-0.162282050
12.477119370,0.101271682,-0.022005577,-0.144852698
12.487117370,0.110762924,0.051622305,-0.119801417
12.497114370,0.121920705,0.070176721,-0.096563868
12.507112370,0.135620266,0.068035007,-0.066817954
12.517110370,0.140771017,0.061661433,-0.024350787
12.527107370,0.124432787,0.028255008,0.020507500
12.537105370,0.106271967,-0.021675173,0.049176026
12.547103370,0.097746924,-0.069560140,0.063553631
12.557100370,0.086413413,-0.111367650,0.062323824
12.567098370,0.077256933,-0.161657468,0.058018826
12.577096370,0.075091153,-0.193711802,0.046381019
12.587093370,0.085008502,-0.191970900,0.028311474
12.597091370,0.100899562,-0.178101063,0.011268645
12.607089370,0.120053813,-0.159673855,-0.002293770
12.617086370,0.123182423,-0.141583934,-0.015565534
12.627084370,0.114467494,-0.159016713,-0.012177993
12.637082370,0.102121949,-0.146324813,-0.014076165
12.647079370,0.072149135,-0.138882339,-0.010665188
12.657077370,0.046063244,-0.126976341,-0.004041955
12.667075370,0.034842815,-0.123878546,0.003751785
12.677072370,0.031944461,-0.088334210,0.003891118
12.687070370,0.038459886,-0.054584496,0.002065787
12.697068370,0.039834402,-0.040217295,0.012539079
12.707065370,0.024594195,-0.006237489,0.019891800
12.717063370,0.011824326,0.006836700,0.027958572
12.727061370,0.010160649,0.009618105,0.026431514
12.737058370,0.015619564,0.026322143,0.020579759
12.747056370,0.015974296,0.036090884,0.030645976
12.757054370,0.016629782,0.027284853,0.042036470
12.767051370,0.021955837,0.011425196,0.050267767
12.777049370,0.048784092,0.004410550,0.042472739
12.787047290,0.083392404,0.015637372,0.014829922
12.797044290,0.115288511,0.028352303,-0.006631379
12.807042290,0.140085205,0.041098457,-0.010657280
12.817040290,0.156760618,0.052233201,-0.004042835
12.827037290,0.158238947,0.050204936,0.011957437
12.837035290,0.140864566,0.071417756,0.031194896
12.847033290,0.100974143,0.056434009,0.053367309
12.857030290,0.056588046,0.082042776,0.056020290
12.867028290,0.011542009,0.101612479,0.059174538
12.877026290,-0.021476198,0.097219504,0.061881512
12.887023290,-0.035785094,0.075150423,0.074827403
12.897021290,-0.033697702,0.060525246,0.079261556
12.907019290,-0.034934204,0.036986101,0.087437727
12.917016290,-0.034518611,0.035103139,0.078598104
12.927014290,-0.044553667,0.049709510,0.071901590
12.937012290,-0.060728367,0.068376549,0.062628493
12.947009290,-0.073424451,0.076546058,0.055371378
12.957007290,-0.071923025,0.079378352,0.032232888
12.967005290,-0.052667838,0.072799809,0.006904630
12.977002290,-0.029509541,0.060665157,-0.015173210
12.987000290,-0.024956603,0.044693116,-0.033792965
12.996998290,-0.026817156,0.069875866,-0.050552636
13.006995290,-0.032643087,0.115759470,-0.050585393
13.016993290,-0.037035786,0.140601501,-0.040484935
13.026991290,-0.042776495,0.142348260,-0.036836669
13.036988290,-0.039469015,0.128307492,-0.026831320
13.046986290,-0.027463483,0.082458235,-0.013617779
13.056984290,-0.012000486,0.013481294,-0.004824085
13.066981290,-0.005214486,-0.065771714,0.003103347
13.076979290,-0.013780485,-0.127477169,0.006908350
13.086977290,-0.027211606,-0.141882479,0.010897765
13.096974290,-0.036314867,-0.120978169,0.012699991
13.106972290,-0.049013354,-0.090168595,0.019615686
13.116970290,-0.059442502,-0.039857768,0.009628179
13.126967290,-0.061644137,0.023665279,0.003943128
13.136965290,-0.063510850,0.055168752,0.008727458
13.146963290,-0.058006361,0.055838805,0.019262657
13.156960290,-0.031671230,0.037127342,0.021520089
13.166958290,0.003100865,0.003456196,0.024128390
13.176956290,0.030429877,-0.039881628,0.023807365
13.186953290,0.048034970,-0.085573480,0.020558575
13.196951290,0.063036002,-0.130228221,0.018487241
13.206949290,0.071836680,-0.155378312,0.013098868
13.216946290,0.072549574,-0.160756588,0.010264820
13.226944290,0.070598543,-0.168806791,0.006479403
13.236942290,0.064976566,-0.122246400,0.002414419
13.246939290,0.041496538,-0.081779398,0.008571381
13.256937290,0.019659288,-0.045818549,0.014946714
13.266935290,0.009754992,-0.021224257,0.019737208
13.276932290,0.009659512,-0.005239353,0.012884371
13.286930290,0.012763958,-0.001813462,0.002455165
13.296928290,0.018940201,-0.014545912,-0.014632436
13.306925290,0.028973395,-0.042697653,-0.038228575
13.316923290,0.044067211,-0.062061589,-0.051928870
13.326921290,0.051210340,-0.064722627,-0.046000943
13.336918290,0.042164005,-0.065259345,-0.035017792
13.346916290,0.026664943,-0.051608775,-0.024005890
13.356914290,0.010505587,-0.028627610,-0.024392677
13.366911290,-0.000685282,0.000988871,-0.024905870
13.376909290,-0.004209409,0.040811185,-0.019498102
13.386907290,-0.011014584,0.072041012,-0.010503010
13.396904290,-0.022224812,0.076684929,-0.002468980
13.406902290,-0.027075227,0.058546145,-0.003624792
13.416900290,-0.022774721,0.024704618,-0.012414603
13.426897290,-0.012649117,-0.024423245,-0.023167381
13.436895290,-0.000241565,-0.060023818,-0.034895435
13.446893290,0.013501678,-0.080160245,-0.034227245
13.456890290,0.024383448,-0.084808514,-0.020896472
13.466888290,0.023738164,-0.064298980,-0.005155326
13.476886290,0.008286896,-0.029836796,0.014780573
13.486883290,-0.003981221,-0.009659089,0.032176074
13.496881290,-0.004079701,-0.005028895,0.043344226
13.506879290,0.007839010,-0.010966679,0.039897565
13.516876290,0.016869245,-0.027815279,0.027751168
13.526874290,0.025154071,-0.051162414,0.020849321
13.536872290,0.042135235,-0.069158584,0.022550177
13.546869290,0.057584498,-0.073776506,0.032070179
13.556867290,0.062659279,-0.094080634,0.043400075
13.566865290,0.063464887,-0.118292496,0.037034586
13.576862290,0.064455211,-0.125079453,0.029507877
13.586860290,0.062849328,-0.112922132,0.025061995
13.596858290,0.059755147,-0.084579401,0.036865637
13.606855290,0.066345140,-0.032461077,0.057802077
13.616853290,0.072717883,0.024220942,0.081576243
13.626851290,0.070023566,0.065673038,0.101701215
13.636848290,0.057995934,0.072845735,0.105188094
13.646846290,0.041393787,0.044540595,0.092371367
13.656844290,0.026868071,-0.010046780,0.066306837
13.666841290,0.007777468,-0.071179382,0.038550038
13.676839290,-0.010805607,-0.109966807,0.011938537
13.686837290,-0.019482985,-0.106039979,-0.007607467
13.696834290,-0.027690904,-0.079462953,-0.011024448
13.706832290,-0.033999134,-0.041035932,-0.006461654
13.716830290,-0.041844551,-0.010788159,-0.003098375
13.726827290,-0.052812777,0.012411969,-0.002015268
13.736825290,-0.070187144,0.014567993,-0.008925782
13.746823290,-0.084369540,0.013845744,-0.014726945
13.756820290,-0.090528592,0.011168759,-0.017187793
13.766818290,-0.087424681,0.010351436,-0.018313512
13.776816290,-0.079201549,0.004753750,-0.018070843
13.786812540,-0.067849822,-0.003945732,-0.018071109
13.796810540,-0.051224519,-0.008784539,-0.016116334
13.806808540,-0.036861826,-0.007860156,-0.009607036
13.816805540,-0.012249260,0.006053405,-0.004483685
13.826803540,0.006738014,0.018734846,0.004365999
13.836801540,0.021209931,0.035591885,0.017224716
13.846798540,0.031053241,0.062669039,0.025944704
13.856796540,0.032768838,0.085644059,0.037429377
13.866794540,0.028932020,0.091719523,0.039899461
13.876791540,0.022769537,0.092928432,0.036058515
13.886789540,0.009510988,0.089952879,0.026969677
13.896787540,-0.004766102,0.070350654,0.016899489
13.906784540,-0.024392800,0.032849882,0.005537112
13.916782540,-0.039193746,-0.004282982,-0.000376397
13.926780540,-0.044452690,-0.033020087,-0.004465415
13.936777540,-0.042846467,-0.047811721,-0.006397409
13.946775540,-0.038209103,-0.048719861,-0.002511590
13.956772540,-0.032077823,-0.054494627,0.000994437
13.966770540,-0.030883400,-0.054227512,0.007425439
13.976768540,-0.022981428,-0.045906607,0.008605524
13.986765540,-0.017320879,-0.031483725,0.006727463
13.996763540,-0.012293144,-0.001295072,0.003275047
14.006761540,-0.019550258,0.024902444,0.008584858
14.016758540,-0.029485803,0.034906827,0.011897466
14.026756540,-0.035092823,0.031109691,0.012815990
14.036754540,-0.026831999,0.013063549,0.007401075
14.046751540,-0.011299379,-0.006386315,0.004536845
14.056749540,0.012722993,-0.013340283,0.007019452
14.066747540,0.035093546,-0.004863707,0.017207641
14.076744540,0.049749140,0.003253468,0.027690746
14.086742540,0.059661161,0.012658687,0.035809126
14.096740540,0.063566543,0.023017131,0.041305102
14.106737540,0.068769298,0.029850002,0.045425013
14.116735540,0.073671989,0.022893231,0.049352221
14.126733540,0.080397002,0.010117782,0.052547216
14.136730540,0.085944094,-0.009044039,0.051030830
14.146728540,0.085610129,-0.029276608,0.045742325
14.156726540,0.077103905,-0.046794128,0.033031221
14.166723540,0.061892994,-0.058363698,0.019597175
14.176721540,0.040031984,-0.055257183,0.006780292
14.186719540,0.021417288,-0.044468984,0.005875616
14.196716540,0.004579280,-0.028119292,0.008862140
14.206714540,-0.004710093,-0.009868116,0.012912008
14.216712540,-0.007028793,0.005201648,0.014341660
14.226709540,-0.003264681,0.016133392,0.010537866
14.236707540,-0.004901121,0.020304231,0.008327529
14.246705540,-0.009699339,0.012383191,0.006360784
14.256702540,-0.004242258,-0.003255126,0.006670820
14.266700540,0.003029237,-0.017613560,0.005010339
14.276698540,0.008742899,-0.017573111,0.008634659
14.286695540,0.006426215,-0.006415532,0.013101313
14.296693540,0.004407922,0.006347104,0.021390691
14.306691540,0.005685174,0.014613556,0.025861872
14.316688540,0.006792006,0.021741193,0.020447103
14.326686540,-0.000269898,0.030977303,0.012994512
14.336684540,-0.008960464,0.039394833,0.007173116
14.346681540,-0.010662490,0.042258795,0.004642314
14.356679540,-0.005743447,0.039750960,0.004137798
14.366677540,0.001766135,0.017556176,0.008369561
14.376674540,0.007490600,-0.012836884,0.003602236
14.386672540,0.010926343,-0.033534437,-0.003634105
14.396670540,0.007449771,-0.037932817,-0.004513020
14.406667540,0.003920817,-0.030355593,-0.000691117
14.416665540,0.001707557,-0.020504281,0.002265846
14.426663540,0.000663864,-0.012863671,0.009809783
14.436660540,0.000225427,-0.005988658,0.017605275
14.446658540,0.004365311,-0.003636555,0.018251890
14.456656540,0.011403247,-0.005173465,0.013507201
14.466653540,0.022577338,-0.013520611,0.012067763
14.476651540,0.030562907,-0.025503566,0.010992759
14.486649540,0.034236472,-0.034868307,0.012044441
14.496646540,0.039147213,-0.036537919,0.013532341
14.506644540,0.044381920,-0.027377445,0.015402412
14.516642540,0.042263031,-0.007942964,0.019587191
14.526639540,0.045040440,0.005852210,0.026367333
14.536637540,0.052448016,0.010012224,0.029669402
14.546635540,0.065060481,0.005830529,0.030466486
14.556632540,0.076043516,-0.003597985,0.028829401
14.566630540,0.079399899,-0.018378796,0.021575218
14.576628540,0.074914835,-0.024436751,0.011999336
14.586625540,0.068508595,-0.031681616,0.005168860
14.596623540,0.058873884,-0.039945312,0.003323419
14.606621540,0.039733212,-0.044278804,0.002651769
14.616618540,0.014165999,-0.040406931,0.003445262
14.626616540,-0.017337864,-0.024070567,0.002234323
14.636614540,-0.043680534,-0.003227445,0.006944405
14.646611540,-0.065235890,0.011532592,0.008580917
14.656609540,-0.081389718,0.014801622,0.008362339
14.666607540,-0.094804324,0.009399400,0.002318295
14.676604540,-0.102636993,-0.003817775,-0.006083117
14.686602540,-0.102672413,-0.023020497,-0.014768485
14.696600540,-0.089725815,-0.035682779,-0.020760918
14.706597540,-0.066841267,-0.041436538,-0.024644872
14.716595540,-0.042794917,-0.040672291,-0.023759644
14.726593540,-0.024491545,-0.036705777,-0.022410754
14.736590540,-0.021945830,-0.033731826,-0.026426801
14.746588540,-0.031642929,-0.021186737,-0.036275439
14.756586540,-0.046650816,0.013851422,-0.043807331
14.766583540,-0.061697677,0.056258000,-0.040208869
14.776581540,-0.067926578,0.088599659,-0.029771052
14.786579160,-0.054030735,0.116611585,-0.027161954
14.796576160,-0.028592559,0.142419666,-0.021701004
14.806574160,0.000575980,0.186095506,-0.021378761
14.816571160,0.024922483,0.245580152,-0.023760451
14.826569160,0.030121505,0.320495158,-0.024247011
14.836567170,0.009829341,0.378249258,-0.031082135
14.846564160,-0.022208752,0.399246424,-0.038583461
14.856562160,-0.049849693,0.389110774,-0.049284324
14.866560160,-0.061393961,0.349654704,-0.061507434
14.876557160,-0.058450636,0.284825116,-0.072759293
14.886555160,-0.045049611,0.190274924,-0.080307759
14.896553160,-0.025651630,0.071903154,-0.087440334
14.906550160,0.006269552,-0.051915999,-0.096804544
14.916548160,0.046211399,-0.151930004,-0.094445013
14.926546160,0.078293972,-0.212947547,-0.080101229
14.936543160,0.088646576,-0.220692947,-0.060311507
14.946541160,0.078457586,-0.179936737,-0.038934845
14.956539160,0.054736018,-0.106552564,-0.013428999
14.966536170,0.022495791,-0.021756714,0.007348451
14.976534160,-0.008182369,0.042877510,0.019089051
14.986532160,-0.028811214,0.071157619,0.020509047
